{
  "params": {
    "NUM_DEVICES": 6,
    "UPDATES_PER_DEVICE": 3
  },
  "performance": {
    "TPS": 0.5066283880773452,
    "totalCommitted": 18,
    "totalWindowSec": 35.529,
    "latency_p50": 386,
    "latency_p95": 658,
    "latency_p99": 658,
    "authz_p50": 0,
    "authz_p95": 0,
    "avgAuthzMs": 0,
    "t_HE_enc_avg": 1395.5,
    "t_IPE_enc_avg": 0.05555555555555555,
    "t_proof_gen_avg": null,
    "latency_components": {
      "L_auth": 0,
      "L_enc": 1395.5555555555557,
      "L_proof": 0,
      "L_mine": 0
    },
    "L_bar": 1395.5555555555557
  },
  "pds": {
    "R_struct": 0.43333333333333335,
    "components": {
      "r_k": 0.3333333333333333,
      "r_l": 1,
      "r_t": 0
    },
    "R_chain": 0.47125231709667614,
    "components_chain": {
      "r_A": 0.16666666666666666,
      "r_H": 0.7892419038528016,
      "r_L": 0.027777777777777776,
      "r_C": 1
    },
    "R_policy": 0.34,
    "PDS": 0.4336261585483381,
    "PDS_reliability": 0.4898964126075024,
    "PDS_risk": 0.5101035873924976
  },
  "verification": {
    "totalAttempts": 18,
    "successful": 18,
    "failures": 0,
    "failures_by_type": {},
    "failed_device_addresses": [],
    "failures_detailed": []
  },
  "privacy": {
    "privacyLeakageProbability": 1,
    "privacyLeakageProbability_model": 0.28500000000000003,
    "contextLinkability": 0.05555555555555555,
    "contextLinkability_model": 0.25,
    "entropy": {
      "location": 1,
      "role": 1,
      "status": 1
    }
  },
  "crypto": {
    "t_IPE_ms": [
      0,
      0,
      0,
      0,
      0,
      0,
      0,
      0,
      0,
      0,
      0,
      0,
      0,
      0,
      0,
      0,
      0,
      1
    ],
    "t_HE_enc_ms": [
      1796,
      1276,
      1239,
      1680,
      1712,
      1120,
      1129,
      1204,
      1318,
      1876,
      1309,
      1511,
      1603,
      1244,
      1163,
      1220,
      1363,
      1356
    ],
    "t_proof_gen_ms": [],
    "gas_verify": [
      1635876,
      1635864,
      1635864,
      1635888,
      1635876,
      1635852,
      435887,
      438699,
      438687,
      435887,
      438699,
      438675,
      435887,
      435875,
      438675,
      435875,
      435899,
      438687
    ],
    "t_HE_enc_ms_last": 1356,
    "ct_numeric_bytes_last": 2059,
    "t_IPE_ms_p50": 0,
    "t_IPE_ms_p95": 0,
    "t_HE_enc_ms_p50": 1309,
    "t_HE_enc_ms_p95": 1796,
    "t_HE_enc_ms_avg": 1395.5,
    "gas_verify_avg": 836814
  },
  "attestations": {
    "count": 18,
    "invalid": 0
  }
}