{
  "params": {
    "NUM_DEVICES": 6,
    "UPDATES_PER_DEVICE": 3
  },
  "performance": {
    "TPS": 3.3351862145636466,
    "totalCommitted": 12,
    "totalWindowSec": 3.598,
    "latency_p50": 91,
    "latency_p95": 99,
    "latency_p99": 99,
    "authz_p50": 16,
    "authz_p95": 26,
    "avgAuthzMs": 17.944444444444443
  },
  "pds": {
    "R_struct": 0.6333333333333333,
    "components": {
      "r_k": 0.3333333333333333,
      "r_l": 1,
      "r_t": 0.6666666666666667
    },
    "R_chain": 0.17222222222222222,
    "components_chain": {
      "r_A": 0.16666666666666666,
      "r_H": 0,
      "r_L": 0.1111111111111111,
      "r_C": 1
    },
    "R_policy": 0.41999999999999993,
    "PDS": 0.36011111111111105
  },
  "verification": {
    "totalAttempts": 18,
    "successful": 12,
    "failures": 6,
    "failures_by_type": {
      "invalidSig": 6
    }
  }
}